ID,0
1,0.655050992293228
3,0.12940285961873224
83,0.031784565037010895
86,0.007043977200350133
85,0.023733070994913123
6,0.00402930402930403
11,0.005106777700095339
88,0.012435413517588706
106,0.0
89,0.04794845425622871
84,6.109481915933529e-05
5,0.005681818181818182
8,0.009169798115377987
76,0.08379132554240724
77,0.0
87,0.06132692752337006
82,0.029196391038131618
96,0.007856316663134844
12,0.16756212382251082
17,0.0
80,0.0
33,0.0
16,0.0
